Name,Year,Lat,SST,Shear,Humidity,Pressure,Type
UNNAMED,2006,5.5,28.743072509765625,8.042121887207031,80.52244567871094,1012.610595703125,Real Observation
CHANCHU,2006,8.2,28.631744384765625,11.30883502960205,78.2861557006836,1012.9255981445312,Real Observation
JELAWAT,2006,16.7,25.008697509765625,12.852974891662598,84.59283447265625,1019.5806274414062,Real Observation
EWINIAR,2006,7.2,28.623931884765625,10.200425148010254,78.66991424560547,1012.6755981445312,Real Observation
BILIS,2006,14.1,28.162017822265625,9.088082313537598,74.40901184082031,1016.838134765625,Real Observation
KAEMI,2006,10.5,28.049713134765625,9.775583267211914,71.7742919921875,1015.2806396484375,Real Observation
PRAPIROON,2006,16.7,27.196197509765625,9.515848159790039,77.25932312011719,1017.610595703125,Real Observation
SAOMAI,2006,11.1,28.019439697265625,9.686153411865234,67.16487121582031,1015.485595703125,Real Observation
MARIA,2006,26.6,24.951080322265625,8.928661346435547,74.03372192382812,1020.1631469726562,Real Observation
BOPHA,2006,22.0,26.746978759765625,12.594954490661621,64.56770324707031,1023.3356323242188,Real Observation
WUKONG,2006,24.6,25.920806884765625,8.726174354553223,71.69499969482422,1021.9506225585938,Real Observation
SONAMU,2006,18.4,27.490142822265625,8.82661247253418,71.83065795898438,1019.9081420898438,Real Observation
IOKE,2006,10.6,28.297760009765625,13.048624038696289,73.18223571777344,1014.380615234375,Real Observation
SHANSHAN,2006,16.9,27.974517822265625,8.001267433166504,69.3318099975586,1018.7306518554688,Real Observation
YAGI,2006,20.8,26.646392822265625,8.522875785827637,56.15608215332031,1022.2531127929688,Real Observation
XANGSANE,2006,11.8,28.712799072265625,10.738897323608398,75.60194396972656,1014.6181030273438,Real Observation
BEBINCA,2006,18.2,27.576080322265625,9.058409690856934,74.14356994628906,1019.693115234375,Real Observation
SOULIK,2006,17.1,27.296783447265625,10.905510902404785,69.1006851196289,1018.358154296875,Real Observation
CIMARON,2006,12.6,28.178619384765625,11.257164001464844,76.3513412475586,1015.2406005859375,Real Observation
CHEBI,2006,15.8,28.294830322265625,9.80898380279541,75.6948471069336,1017.8630981445312,Real Observation
DURIAN,2006,10.0,28.159088134765625,9.96463394165039,74.64147186279297,1014.8056030273438,Real Observation
UTOR,2006,10.1,28.645416259765625,11.158607482910156,74.01388549804688,1014.24560546875,Real Observation
KONG-REY,2007,8.6,28.147369384765625,11.68936538696289,76.52619171142578,1013.0731201171875,Real Observation
YUTU,2007,9.2,28.464752197265625,9.737916946411133,75.42906188964844,1014.1781005859375,Real Observation
TORAJI,2007,20.2,,8.075740814208984,,1024.47314453125,Real Observation
MAN-YI,2007,9.6,28.182525634765625,10.001225471496582,75.8596420288086,1014.3981323242188,Real Observation
USAGI,2007,18.2,27.547760009765625,7.829286575317383,64.3204116821289,1019.2731323242188,Real Observation
PABUK,2007,19.6,27.844635009765625,4.626245498657227,68.2918930053711,1020.1681518554688,Real Observation
SEPAT,2007,17.3,27.967681884765625,7.335333824157715,66.81346893310547,1018.8656005859375,Real Observation
FITOW,2007,20.6,26.892486572265625,9.095582962036133,60.080474853515625,1021.4981079101562,Real Observation
DANAS,2007,27.5,22.923736572265625,10.374906539916992,62.386810302734375,1023.005615234375,Real Observation
NARI,2007,22.0,26.998931884765625,12.134865760803223,69.40401458740234,1022.3956298828125,Real Observation
WIPHA,2007,20.3,27.068267822265625,12.170352935791016,76.92499542236328,1021.235595703125,Real Observation
FRANCISCO,2007,19.4,23.819244384765625,12.829924583435059,78.68722534179688,1023.713134765625,Real Observation
LEKIMA,2007,14.6,25.656158447265625,11.217168807983398,86.19137573242188,1017.7506103515625,Real Observation
KROSA,2007,17.0,28.220611572265625,9.329690933227539,74.85871124267578,1018.8005981445312,Real Observation
HAIYAN,2007,27.5,22.494049072265625,6.372866630554199,50.70399475097656,1026.6781005859375,Real Observation
LINGLING,2007,25.8,24.906158447265625,5.3559064865112305,49.566768646240234,1026.340576171875,Real Observation
KAJIKI,2007,19.1,27.788970947265625,6.7257208824157715,70.76507568359375,1019.8556518554688,Real Observation
FAXAI,2007,23.9,26.149322509765625,9.293205261230469,55.254234313964844,1025.568115234375,Real Observation
PEIPAH,2007,17.9,27.444244384765625,10.745683670043945,78.47245788574219,1019.9556274414062,Real Observation
TAPAH,2007,21.2,27.688385009765625,0.4387083649635315,61.037288665771484,1020.8856201171875,Real Observation
HAGIBIS,2007,10.0,28.189361572265625,8.43029499053955,76.69027709960938,1013.610595703125,Real Observation
MITAG,2007,13.6,28.272369384765625,8.746109962463379,72.66077423095703,1016.443115234375,Real Observation
UNNAMED,2008,12.8,27.583892822265625,9.899873733520508,79.13690948486328,1016.0856323242188,Real Observation
NEOGURI,2008,9.0,28.182525634765625,9.073978424072266,76.6036605834961,1013.2406005859375,Real Observation
RAMMASUN,2008,8.2,28.844635009765625,10.82275104522705,75.14164733886719,1013.4706420898438,Real Observation
HALONG,2008,14.0,26.742095947265625,6.815765380859375,86.13567352294922,1016.4281005859375,Real Observation
MATMO,2008,22.3,25.146392822265625,12.319836616516113,64.73690032958984,1024.983154296875,Real Observation
NAKRI,2008,14.4,27.984283447265625,8.646188735961914,74.6256332397461,1017.2931518554688,Real Observation
FENGSHEN,2008,9.6,28.684478759765625,10.995832443237305,75.91272735595703,1013.9681396484375,Real Observation
KALMAEGI,2008,18.1,27.404205322265625,12.783095359802246,74.41411590576172,1020.8056030273438,Real Observation
FUNG-WONG,2008,21.7,26.554595947265625,12.609898567199707,69.37191772460938,1022.985595703125,Real Observation
KAMMURI,2008,20.0,24.408111572265625,13.512924194335938,73.46598815917969,1024.05810546875,Real Observation
KIKA,2008,10.4,28.297760009765625,13.048624038696289,73.18223571777344,1014.380615234375,Real Observation
UNNAMED,2008,30.8,19.432525634765625,6.907166004180908,37.11341857910156,1031.9180908203125,Real Observation
VONGFONG,2008,28.2,23.047760009765625,7.088571548461914,40.11424255371094,1026.76806640625,Real Observation
NURI,2008,15.9,27.966705322265625,8.424165725708008,74.64034271240234,1018.173095703125,Real Observation
UNNAMED,2008,17.5,27.327056884765625,12.570168495178223,76.27161407470703,1020.1906127929688,Real Observation
SINLAKU,2008,16.3,28.230377197265625,10.775004386901855,78.6733627319336,1018.5631103515625,Real Observation
UNNAMED,2008,30.4,22.483306884765625,6.833642482757568,62.36783218383789,1018.9880981445312,Real Observation
UNNAMED,2008,35.4,21.601470947265625,12.253776550292969,86.28860473632812,1016.8831176757812,Real Observation
HAGUPIT,2008,14.1,28.248931884765625,9.45293140411377,77.00176239013672,1016.640625,Real Observation
JANGMI,2008,11.6,27.950103759765625,9.028707504272461,78.12255859375,1015.7056274414062,Real Observation
HIGOS,2008,9.0,29.016510009765625,10.826519966125488,76.57140350341797,1013.1755981445312,Real Observation
MEKKHALA,2008,16.5,24.796783447265625,11.675662994384766,81.87518310546875,1020.8256225585938,Real Observation
UNNAMED,2008,19.2,,3.832402467727661,,1024.2506103515625,Real Observation
BAVI,2008,24.7,25.431549072265625,7.297358512878418,69.01802062988281,1020.72314453125,Real Observation
MAYSAK,2008,13.0,27.788970947265625,11.753085136413574,79.32386779785156,1015.5806274414062,Real Observation
NOUL,2008,10.4,28.379791259765625,10.273754119873047,79.8198471069336,1014.5531005859375,Real Observation
HAISHEN,2008,26.3,24.137603759765625,8.350081443786621,66.11844635009766,1020.6881103515625,Real Observation
DOLPHIN,2008,13.1,27.949127197265625,8.423999786376953,67.93416595458984,1016.453125,Real Observation
KUJIRA,2009,13.4,28.412994384765625,9.96041202545166,75.86957550048828,1016.7380981445312,Real Observation
CHAN-HOM,2009,10.2,26.859283447265625,10.314071655273438,84.40015411376953,1015.0931396484375,Real Observation
LINFA,2009,17.9,24.816314697265625,14.540453910827637,81.55532836914062,1020.91064453125,Real Observation
NANGKA,2009,11.3,28.691314697265625,10.61169147491455,74.7252197265625,1014.6006469726562,Real Observation
SOUDELOR,2009,19.8,24.332916259765625,13.606457710266113,75.3447265625,1023.795654296875,Real Observation
MOLAVE,2009,18.1,27.416900634765625,12.908345222473145,74.00677490234375,1020.735595703125,Real Observation
GONI,2009,20.2,23.860260009765625,12.355195999145508,73.2670669555664,1024.880615234375,Real Observation
MORAKOT,2009,22.3,27.309478759765625,11.5123929977417,71.32402801513672,1021.9181518554688,Real Observation
ETAU,2009,29.1,21.929595947265625,6.159472465515137,39.4168586730957,1026.84814453125,Real Observation
MAKA,2009,13.9,27.279205322265625,11.508586883544922,62.09857940673828,1017.2606201171875,Real Observation
VAMCO,2009,14.0,27.192291259765625,11.463117599487305,64.60160827636719,1017.2481079101562,Real Observation
KROVANH,2009,22.6,27.037017822265625,6.243742942810059,67.44940185546875,1020.9306030273438,Real Observation
DUJUAN,2009,18.8,27.270416259765625,8.64313793182373,74.6881332397461,1020.0406494140625,Real Observation
KOPPU,2009,19.3,25.402252197265625,15.39761734008789,73.20506286621094,1022.0181274414062,Real Observation
CHOI-WAN,2009,15.3,27.594635009765625,10.333209991455078,66.24919891357422,1017.5131225585938,Real Observation
KETSANA,2009,15.3,27.777252197265625,11.17822265625,79.91992950439453,1018.3630981445312,Real Observation
PARMA,2009,9.2,28.267486572265625,10.607680320739746,76.13675689697266,1014.0381469726562,Real Observation
MELOR,2009,10.9,27.971588134765625,12.077985763549805,69.10429382324219,1014.515625,Real Observation
NEPARTAK,2009,21.4,27.156158447265625,0.886669933795929,61.69424819946289,1020.8131103515625,Real Observation
LUPIT,2009,11.5,27.989166259765625,9.108202934265137,69.22315216064453,1015.880615234375,Real Observation
MIRINAE,2009,13.3,27.721588134765625,9.702061653137207,68.20209503173828,1016.3831176757812,Real Observation
UNNAMED,2009,20.7,26.598541259765625,8.645818710327148,58.4437141418457,1021.9255981445312,Real Observation
NIDA,2009,8.3,27.942291259765625,10.291738510131836,76.56634521484375,1013.703125,Real Observation
UNNAMED,2009,23.4,25.669830322265625,4.808196067810059,72.44441223144531,1020.7531127929688,Real Observation
OMAIS,2010,8.9,28.119049072265625,9.816081047058105,76.68840789794922,1013.9156494140625,Real Observation
CONSON,2010,14.0,28.190338134765625,9.87794017791748,72.07244873046875,1016.505615234375,Real Observation
CHANTHU,2010,15.7,24.210845947265625,10.920165061950684,94.80107879638672,1017.9706420898438,Real Observation
DIANMU,2010,24.3,24.271392822265625,8.711271286010742,51.79119873046875,1028.2281494140625,Real Observation
MINDULLE,2010,16.1,25.042877197265625,11.682422637939453,83.74107360839844,1020.2531127929688,Real Observation
LIONROCK,2010,18.8,24.562408447265625,14.667046546936035,78.9135971069336,1022.015625,Real Observation
KOMPASU,2010,19.5,27.604400634765625,4.039423942565918,66.48255157470703,1020.2506103515625,Real Observation
NAMTHEUN,2010,26.0,20.121002197265625,7.661468029022217,52.675636291503906,1030.8431396484375,Real Observation
MALOU,2010,24.2,23.726470947265625,8.763192176818848,51.34368133544922,1027.2205810546875,Real Observation
MERANTI,2010,20.7,24.992095947265625,13.958460807800293,68.30328369140625,1024.57568359375,Real Observation
FANAPI,2010,20.0,26.297760009765625,13.687938690185547,77.14054870605469,1021.6556396484375,Real Observation
MALAKAS,2010,18.9,27.502838134765625,5.79455041885376,67.21642303466797,1019.9306030273438,Real Observation
MEGI,2010,11.8,28.121978759765625,9.181055068969727,76.63027954101562,1015.9906005859375,Real Observation
CHABA,2010,16.6,28.206939697265625,8.987982749938965,75.15690612792969,1018.3781127929688,Real Observation
JAL,2010,8.7,26.744049072265625,11.574448585510254,84.87395477294922,1014.34814453125,Real Observation
OMEKA,2010,23.6,26.111236572265625,6.519925117492676,50.74043273925781,1024.7830810546875,Real Observation
AERE,2011,12.6,28.541900634765625,10.848217964172363,75.4104995727539,1015.3106079101562,Real Observation
SONGDA,2011,9.2,28.415924072265625,9.482566833496094,76.9144515991211,1014.0431518554688,Real Observation
HAIMA,2011,21.2,20.540924072265625,9.87144947052002,76.89647674560547,1025.838134765625,Real Observation
MEARI,2011,15.1,28.604400634765625,11.230563163757324,76.36415100097656,1017.3431396484375,Real Observation
MA-ON,2011,19.0,27.208892822265625,10.132773399353027,64.00212097167969,1020.0406494140625,Real Observation
NOCK-TEN,2011,14.0,27.913970947265625,10.033843994140625,80.37960052490234,1016.87060546875,Real Observation
MUIFA,2011,11.7,28.344635009765625,9.67995548248291,76.61079406738281,1015.765625,Real Observation
MERBOK,2011,23.5,26.196197509765625,6.990610122680664,52.64445495605469,1024.5380859375,Real Observation
NANMADOL,2011,15.7,28.384674072265625,10.291587829589844,70.00717163085938,1018.1281127929688,Real Observation
TALAS,2011,20.4,27.409088134765625,2.141266345977783,65.94784545898438,1020.6681518554688,Real Observation
NORU,2011,22.3,26.796783447265625,6.101753234863281,60.58933639526367,1021.2181396484375,Real Observation
KULAP,2011,21.8,26.827056884765625,10.391087532043457,76.72831726074219,1021.30810546875,Real Observation
ROKE,2011,26.1,22.732330322265625,8.005764961242676,48.474830627441406,1027.3206787109375,Real Observation
SONCA,2011,23.0,26.197174072265625,4.668523788452148,55.48991394042969,1021.6281127929688,Real Observation
NESAT,2011,13.7,28.005767822265625,9.076461791992188,77.57762145996094,1016.923095703125,Real Observation
HAITANG,2011,17.0,25.055572509765625,12.812451362609863,80.9986572265625,1020.9456176757812,Real Observation
NALGAE,2011,19.0,27.937408447265625,4.858091354370117,66.595458984375,1019.943115234375,Real Observation
WASHI,2011,7.3,28.496978759765625,11.64126968383789,78.54151153564453,1012.2380981445312,Real Observation
PAKHAR,2012,9.6,27.145416259765625,10.049332618713379,83.44384765625,1014.453125,Real Observation
SANVU,2012,12.5,27.961822509765625,9.3384370803833,68.97886657714844,1016.3031005859375,Real Observation
MAWAR,2012,14.9,28.292877197265625,10.604155540466309,77.2120361328125,1017.62060546875,Real Observation
GUCHOL,2012,9.6,28.182525634765625,10.001225471496582,75.8596420288086,1014.3981323242188,Real Observation
TALIM,2012,19.0,24.264556884765625,12.564264297485352,78.24057006835938,1023.3131103515625,Real Observation
DOKSURI,2012,15.3,28.440338134765625,11.107291221618652,73.9007568359375,1017.6856079101562,Real Observation
KHANUN,2012,24.8,25.333892822265625,8.525374412536621,58.49471664428711,1024.528076171875,Real Observation
VICENTE,2012,19.2,24.448150634765625,14.207146644592285,77.4041519165039,1022.8831176757812,Real Observation
SAOLA,2012,16.4,28.040924072265625,11.264479637145996,78.62776184082031,1018.8005981445312,Real Observation
DAMREY,2012,25.6,24.763580322265625,8.065817832946777,76.289794921875,1020.3881225585938,Real Observation
HAIKUI,2012,25.4,23.941314697265625,7.4435906410217285,51.283390045166016,1025.6256103515625,Real Observation
KIROGI,2012,25.1,24.284088134765625,5.479172706604004,51.8900260925293,1025.9605712890625,Real Observation
KAI-TAK,2012,16.7,28.206939697265625,9.906737327575684,71.84957885742188,1018.9031372070312,Real Observation
TEMBIN,2012,17.7,27.442291259765625,13.000876426696777,75.98365783691406,1020.2731323242188,Real Observation
BOLAVEN,2012,17.5,27.978424072265625,6.016765594482422,75.91202545166016,1019.1481323242188,Real Observation
SANBA,2012,10.8,28.391510009765625,10.690116882324219,75.72366333007812,1014.860595703125,Real Observation
JELAWAT,2012,13.4,28.265533447265625,10.399840354919434,72.81865692138672,1015.9931030273438,Real Observation
EWINIAR,2012,21.1,27.759674072265625,1.3944512605667114,61.719791412353516,1020.9681396484375,Real Observation
GAEMI,2012,16.9,24.798736572265625,14.228612899780273,83.46414184570312,1020.1156005859375,Real Observation
MALIKSI,2012,18.9,27.502838134765625,5.79455041885376,67.21642303466797,1019.9306030273438,Real Observation
PRAPIROON,2012,17.9,28.035064697265625,6.127370357513428,64.92755889892578,1019.3031005859375,Real Observation
MARIA,2012,17.8,27.833892822265625,7.2071943283081055,72.82032775878906,1019.1231079101562,Real Observation
SON-TINH,2012,9.7,28.845611572265625,9.702733039855957,75.82721710205078,1014.16064453125,Real Observation
BOPHA,2012,4.3,28.929595947265625,6.404881477355957,77.53418731689453,1012.7906494140625,Real Observation
WUKONG,2012,10.8,,4.651411056518555,,1014.8206176757812,Real Observation
SONAMU,2013,8.5,28.631744384765625,6.9145379066467285,72.97315979003906,1013.358154296875,Real Observation
YAGI,2013,18.8,27.307525634765625,8.666379928588867,69.47213745117188,1020.078125,Real Observation
LEEPI,2013,19.0,27.011627197265625,13.812898635864258,75.47017669677734,1021.3231201171875,Real Observation
BEBINCA,2013,19.1,23.964752197265625,13.396697044372559,78.71315002441406,1022.9481201171875,Real Observation
RUMBIA,2013,12.5,26.474517822265625,8.43153190612793,85.01495361328125,1015.7781372070312,Real Observation
SOULIK,2013,19.1,27.518463134765625,5.9351325035095215,66.9457015991211,1019.890625,Real Observation
CIMARON,2013,16.4,27.468658447265625,11.37269401550293,79.47511291503906,1019.3831176757812,Real Observation
JEBI,2013,15.2,25.058502197265625,11.581061363220215,88.63421630859375,1018.140625,Real Observation
MANGKHUT,2013,15.9,24.878814697265625,11.276275634765625,83.3740005493164,1020.3731079101562,Real Observation
UTOR,2013,13.6,28.228424072265625,9.980032920837402,72.33997344970703,1016.110595703125,Real Observation
UNALA,2013,17.0,26.854400634765625,11.39348030090332,59.91362762451172,1019.4806518554688,Real Observation
PEWA,2013,9.4,28.258697509765625,12.896256446838379,78.04877471923828,1013.735595703125,Real Observation
TRAMI,2013,20.3,25.895416259765625,13.745216369628906,72.90032958984375,1022.588134765625,Real Observation
KONG-REY,2013,17.7,27.356353759765625,12.740287780761719,75.0219955444336,1020.4506225585938,Real Observation
TORAJI,2013,26.6,23.706939697265625,7.211406230926514,42.488197326660156,1030.3431396484375,Real Observation
MAN-YI,2013,23.4,26.260650634765625,7.716187477111816,74.37687683105469,1021.3231201171875,Real Observation
USAGI,2013,17.4,27.956939697265625,9.470921516418457,75.00975036621094,1019.09814453125,Real Observation
PABUK,2013,19.8,26.973541259765625,4.820798397064209,69.16612243652344,1020.3331298828125,Real Observation
WUTIP,2013,16.8,24.890533447265625,12.668794631958008,87.15371704101562,1019.2681274414062,Real Observation
FITOW,2013,13.9,28.190338134765625,9.87794017791748,72.07244873046875,1016.505615234375,Real Observation
SEPAT,2013,27.2,24.538970947265625,8.394838333129883,76.6048583984375,1018.9806518554688,Real Observation
DANAS,2013,16.8,27.631744384765625,8.46745777130127,66.25692749023438,1018.545654296875,Real Observation
NARI,2013,14.4,28.328033447265625,10.593113899230957,77.37142181396484,1016.8781127929688,Real Observation
WIPHA,2013,13.5,27.929595947265625,8.338104248046875,73.25247192382812,1016.6456298828125,Real Observation
FRANCISCO,2013,11.9,27.979400634765625,8.982418060302734,69.8093490600586,1016.1531372070312,Real Observation
LEKIMA,2013,10.9,28.258697509765625,13.001288414001465,71.18524932861328,1014.7431030273438,Real Observation
KROSA,2013,16.1,28.447174072265625,9.838308334350586,76.1025161743164,1018.1331176757812,Real Observation
UNNAMED,2013,10.8,28.559478759765625,9.28841495513916,77.60126495361328,1014.53564453125,Real Observation
HAIYAN,2013,6.1,28.525299072265625,10.576068878173828,77.64612579345703,1012.5756225585938,Real Observation
LEHAR,2013,8.7,26.744049072265625,11.574448585510254,84.87395477294922,1014.34814453125,Real Observation
KAJIKI,2014,10.0,28.862213134765625,10.421841621398926,75.67462158203125,1013.5731201171875,Real Observation
FAXAI,2014,8.6,28.027252197265625,10.282548904418945,74.48314666748047,1013.7831420898438,Real Observation
PEIPAH,2014,2.6,29.326080322265625,6.10603141784668,75.10137939453125,1012.2431030273438,Real Observation
TAPAH,2014,11.7,27.870025634765625,9.50148868560791,67.6871337890625,1015.7706298828125,Real Observation
HAGIBIS,2014,20.8,24.596588134765625,13.076888084411621,69.23698425292969,1025.1856689453125,Real Observation
NEOGURI,2014,10.8,27.957916259765625,9.73337459564209,71.01997375488281,1015.443115234375,Real Observation
RAMMASUN,2014,13.6,27.996978759765625,8.194295883178711,68.5836410522461,1016.7281494140625,Real Observation
MATMO,2014,10.4,28.323150634765625,10.058507919311523,75.79289245605469,1014.900634765625,Real Observation
GENEVIEVE,2014,12.2,27.543853759765625,12.046527862548828,70.35316467285156,1015.84814453125,Real Observation
HALONG,2014,12.0,28.158111572265625,10.114601135253906,65.1334457397461,1015.8331298828125,Real Observation
NAKRI,2014,18.8,27.382720947265625,8.613669395446777,67.13134002685547,1020.130615234375,Real Observation
FENGSHEN,2014,27.8,22.335845947265625,7.654818058013916,41.3439826965332,1027.985595703125,Real Observation
KALMAEGI,2014,13.7,28.104400634765625,10.310284614562988,76.45653533935547,1016.2056274414062,Real Observation
FUNG-WONG,2014,16.8,27.378814697265625,11.738863945007324,79.19185638427734,1019.5331420898438,Real Observation
KAMMURI,2014,20.4,27.500885009765625,5.150043964385986,66.03862762451172,1020.420654296875,Real Observation
PHANFONE,2014,12.7,27.719635009765625,11.172511100769043,66.45856475830078,1015.8931274414062,Real Observation
VONGFONG,2014,8.1,28.425689697265625,10.986564636230469,75.49369049072266,1012.7481079101562,Real Observation
NURI,2014,12.8,28.436431884765625,9.41817855834961,72.68113708496094,1016.2531127929688,Real Observation
SINLAKU,2014,11.0,28.513580322265625,9.043802261352539,78.55767822265625,1014.6256103515625,Real Observation
HAGUPIT,2014,4.9,28.683502197265625,9.95089340209961,77.37061309814453,1012.4281005859375,Real Observation
JANGMI,2014,8.5,28.790924072265625,7.489647388458252,79.91764831542969,1013.8406372070312,Real Observation
MEKKHALA,2015,11.5,28.074127197265625,10.57243537902832,78.05369567871094,1015.3931274414062,Real Observation
HIGOS,2015,11.6,28.082916259765625,12.017003059387207,66.78921508789062,1014.9606323242188,Real Observation
BAVI,2015,7.2,28.423736572265625,11.182760238647461,72.20389556884766,1012.2831420898438,Real Observation
MAYSAK,2015,7.1,28.514556884765625,9.687663078308105,73.89595794677734,1013.048095703125,Real Observation
HAISHEN,2015,8.7,28.248931884765625,11.445352554321289,75.0090103149414,1013.485595703125,Real Observation
NOUL,2015,9.5,28.345611572265625,9.985013008117676,74.81761932373047,1014.255615234375,Real Observation
DOLPHIN,2015,3.8,29.397369384765625,9.005382537841797,73.05506896972656,1011.62060546875,Real Observation
KUJIRA,2015,16.4,24.778228759765625,11.768049240112305,82.73306274414062,1020.7306518554688,Real Observation
CHAN-HOM,2015,10.2,28.367095947265625,13.080799102783203,73.44088745117188,1014.2206420898438,Real Observation
LINFA,2015,15.1,28.417877197265625,10.72412395477295,69.76461791992188,1017.6031494140625,Real Observation
NANGKA,2015,9.7,28.258697509765625,12.99989128112793,76.77758026123047,1013.8931274414062,Real Observation
HALOLA,2015,11.4,28.073150634765625,12.788740158081055,69.57837677001953,1015.1381225585938,Real Observation
UNNAMED,2015,18.0,27.305572509765625,12.487067222595215,74.92473602294922,1020.890625,Real Observation
SOUDELOR,2015,13.6,27.320220947265625,11.534790992736816,64.40703582763672,1016.8781127929688,Real Observation
MOLAVE,2015,26.0,25.531158447265625,10.898026466369629,77.26751708984375,1019.5381469726562,Real Observation
GONI,2015,13.0,27.631744384765625,9.696441650390625,67.93145751953125,1016.2731323242188,Real Observation
ATSANI,2015,14.8,27.149322509765625,11.376886367797852,67.2978744506836,1017.7506103515625,Real Observation
KILO,2015,18.3,26.840728759765625,10.86792278289795,56.26363754272461,1020.30810546875,Real Observation
ETAU,2015,23.9,25.817291259765625,8.537179946899414,74.78504180908203,1021.8856201171875,Real Observation
VAMCO,2015,15.0,24.996002197265625,10.954869270324707,83.41741943359375,1019.5331420898438,Real Observation
KROVANH,2015,18.1,27.489166259765625,8.566618919372559,65.292724609375,1018.8656005859375,Real Observation
DUJUAN,2015,17.4,27.894439697265625,6.906888961791992,72.31465911865234,1019.068115234375,Real Observation
MUJIGAE,2015,16.6,27.361236572265625,7.879305362701416,77.57235717773438,1017.4481201171875,Real Observation
CHOI-WAN,2015,19.1,26.910064697265625,10.603482246398926,56.59749984741211,1020.8881225585938,Real Observation
KOPPU,2015,15.9,28.051666259765625,7.585050582885742,74.80877685546875,1018.22314453125,Real Observation
CHAMPI,2015,14.6,27.427642822265625,11.215361595153809,62.16242980957031,1017.2431030273438,Real Observation
UNNAMED,2015,30.3,20.841705322265625,9.967535018920898,56.14158630371094,1025.5706787109375,Real Observation
IN-FA,2015,4.4,29.126861572265625,9.746989250183105,73.38174438476562,1011.6956176757812,Real Observation
MELOR,2015,9.7,28.414947509765625,9.526559829711914,76.69363403320312,1014.3856201171875,Real Observation
NEPARTAK,2016,10.1,28.031158447265625,10.200835227966309,74.47500610351562,1014.80810546875,Real Observation
LUPIT,2016,27.5,23.817291259765625,10.617199897766113,64.35433959960938,1022.423095703125,Real Observation
MIRINAE,2016,18.4,24.487213134765625,12.579017639160156,79.70877075195312,1022.8156127929688,Real Observation
NIDA,2016,13.9,28.367095947265625,10.88322925567627,74.04963684082031,1016.72314453125,Real Observation
OMAIS,2016,19.2,27.590728759765625,6.947144508361816,63.427120208740234,1019.62060546875,Real Observation
CONSON,2016,17.0,26.854400634765625,11.39348030090332,59.91362762451172,1019.4806518554688,Real Observation
CHANTHU,2016,21.4,27.209869384765625,1.7441555261611938,63.26598358154297,1020.7081298828125,Real Observation
DIANMU,2016,20.5,,5.5676469802856445,,1024.70556640625,Real Observation
MINDULLE,2016,15.6,27.884674072265625,8.283434867858887,73.40097045898438,1017.9056396484375,Real Observation
LIONROCK,2016,27.1,22.882720947265625,9.118159294128418,58.320098876953125,1023.9981079101562,Real Observation
KOMPASU,2016,34.4,22.000885009765625,6.86232328414917,59.26331329345703,1019.7256469726562,Real Observation
UNNAMED,2016,13.7,28.089752197265625,9.270237922668457,66.62694549560547,1017.0531005859375,Real Observation
NAMTHEUN,2016,23.1,24.230377197265625,10.38666820526123,58.11620330810547,1026.2930908203125,Real Observation
MERANTI,2016,14.5,27.921783447265625,8.45632266998291,74.0091781616211,1017.3331298828125,Real Observation
UNNAMED,2016,35.5,21.543853759765625,11.503125190734863,82.21636962890625,1017.5631103515625,Real Observation
MALAKAS,2016,12.9,27.915924072265625,8.343803405761719,70.50301361083984,1016.4056396484375,Real Observation
MEGI,2016,16.4,27.923736572265625,7.584731578826904,75.5105209350586,1018.5106201171875,Real Observation
CHABA,2016,13.9,27.981353759765625,7.9746479988098145,71.85562133789062,1017.0081176757812,Real Observation
SONGDA,2016,20.3,27.127838134765625,8.76077651977539,68.04247283935547,1020.7081298828125,Real Observation
AERE,2016,20.5,25.192291259765625,14.191771507263184,69.14315032958984,1024.28564453125,Real Observation
SARIKA,2016,13.8,28.481353759765625,11.357656478881836,75.87153625488281,1016.2581176757812,Real Observation
HAIMA,2016,8.9,28.304595947265625,10.388856887817383,76.12471771240234,1013.9131469726562,Real Observation
MEARI,2016,13.8,28.005767822265625,9.076461791992188,77.57762145996094,1016.923095703125,Real Observation
MA-ON,2016,15.6,27.091705322265625,11.469093322753906,71.09234619140625,1018.203125,Real Observation
TOKAGE,2016,10.7,,4.651411056518555,,1014.8206176757812,Real Observation
NOCK-TEN,2016,6.9,28.594635009765625,9.834195137023926,78.63816833496094,1012.8556518554688,Real Observation
MUIFA,2017,13.0,28.330963134765625,9.054468154907227,72.46525573730469,1016.328125,Real Observation
MERBOK,2017,17.3,24.815338134765625,12.870916366577148,85.69551086425781,1019.8356323242188,Real Observation
NANMADOL,2017,20.6,25.631744384765625,13.546243667602539,70.74696350097656,1023.1456298828125,Real Observation
TALAS,2017,17.5,24.985260009765625,11.7911958694458,79.26351165771484,1021.84814453125,Real Observation
NORU,2017,28.1,22.829010009765625,11.364913940429688,62.29074478149414,1022.72314453125,Real Observation
KULAP,2017,26.6,23.998931884765625,5.528604507446289,48.4583625793457,1026.565673828125,Real Observation
SONCA,2017,17.6,24.908111572265625,12.436715126037598,80.00164794921875,1021.7681274414062,Real Observation
ROKE,2017,21.2,24.582916259765625,10.058417320251465,66.74362182617188,1025.5531005859375,Real Observation
NESAT,2017,14.8,28.545806884765625,11.227378845214844,77.1463851928711,1017.108154296875,Real Observation
HAITANG,2017,18.1,24.716705322265625,14.46174430847168,81.08515930175781,1021.1156005859375,Real Observation
NALGAE,2017,26.0,24.526275634765625,5.441504955291748,50.15198516845703,1026.4281005859375,Real Observation
BANYAN,2017,17.0,26.854400634765625,11.39348030090332,59.91362762451172,1019.4806518554688,Real Observation
HATO,2017,20.3,26.468658447265625,12.592705726623535,67.87294006347656,1023.66064453125,Real Observation
PAKHAR,2017,15.1,28.275299072265625,10.505717277526855,78.36724853515625,1017.6231079101562,Real Observation
SANVU,2017,20.8,27.518463134765625,5.001319885253906,66.05821228027344,1020.4806518554688,Real Observation
MAWAR,2017,21.0,25.197174072265625,12.270974159240723,67.17042541503906,1025.4931640625,Real Observation
TALIM,2017,15.5,27.883697509765625,7.271080493927002,72.74712371826172,1017.8881225585938,Real Observation
DOKSURI,2017,14.5,27.838775634765625,6.699777126312256,71.3533706665039,1016.5831298828125,Real Observation
KHANUN,2017,18.2,,7.585628509521484,,1022.0281372070312,Real Observation
LAN,2017,10.2,28.204010009765625,9.69120979309082,76.34632873535156,1014.8005981445312,Real Observation
SAOLA,2017,10.2,28.010650634765625,9.805005073547363,69.48352813720703,1015.2056274414062,Real Observation
DAMREY,2017,12.5,28.195220947265625,11.38520622253418,77.66057586669922,1015.3630981445312,Real Observation
HAIKUI,2017,15.0,27.851470947265625,4.216777801513672,78.7483139038086,1016.7431030273438,Real Observation
KIROGI,2017,10.7,28.332916259765625,9.709848403930664,79.47854614257812,1014.610595703125,Real Observation
KAI-TAK,2017,11.2,28.689361572265625,10.259950637817383,76.78538513183594,1014.265625,Real Observation
TEMBIN,2017,8.6,28.883697509765625,10.760506629943848,77.36005401611328,1013.170654296875,Real Observation
BOLAVEN,2018,10.4,28.397369384765625,9.841652870178223,78.75709533691406,1014.423095703125,Real Observation
SANBA,2018,6.6,28.832916259765625,9.72846508026123,79.23334503173828,1012.1681518554688,Real Observation
JELAWAT,2018,11.4,28.312408447265625,9.595084190368652,76.95275115966797,1015.6156005859375,Real Observation
UNNAMED,2018,19.0,27.575103759765625,7.144927501678467,63.6540641784668,1019.545654296875,Real Observation
EWINIAR,2018,20.5,21.744049072265625,10.957098007202148,77.25659942626953,1024.9156494140625,Real Observation
MALIKSI,2018,17.0,28.277252197265625,10.419498443603516,74.4107437133789,1019.1556396484375,Real Observation
UNNAMED,2018,25.3,23.670806884765625,7.4706807136535645,47.79242706298828,1029.5230712890625,Real Observation
GAEMI,2018,22.6,,2.7196874618530273,,1026.3031005859375,Real Observation
PRAPIROON,2018,19.7,27.245025634765625,10.97982120513916,75.5572280883789,1020.818115234375,Real Observation
MARIA,2018,11.6,28.022369384765625,9.536251068115234,67.57231903076172,1015.6431274414062,Real Observation
SON-TINH,2018,18.7,27.210845947265625,12.640192985534668,71.99437713623047,1021.7081298828125,Real Observation
AMPIL,2018,19.8,27.008697509765625,10.857285499572754,75.57284545898438,1020.8556518554688,Real Observation
UNNAMED,2018,18.0,25.873931884765625,15.379748344421387,79.9764175415039,1019.6956176757812,Real Observation
WUKONG,2018,24.5,25.457916259765625,6.089186191558838,51.256168365478516,1025.3505859375,Real Observation
JONGDARI,2018,18.9,28.017486572265625,4.894232749938965,66.43671417236328,1019.9406127929688,Real Observation
UNNAMED,2018,36.2,21.174713134765625,7.368834495544434,87.39510345458984,1017.3531494140625,Real Observation
HECTOR,2018,13.0,27.453033447265625,11.884899139404297,67.5177001953125,1016.4306030273438,Real Observation
SHANSHAN,2018,17.9,27.498931884765625,8.371609687805176,65.88736724853516,1018.84814453125,Real Observation
YAGI,2018,19.2,27.373931884765625,8.588506698608398,78.1207504272461,1020.2281494140625,Real Observation
BEBINCA,2018,20.6,22.775299072265625,11.866278648376465,73.47611999511719,1025.1781005859375,Real Observation
LEEPI,2018,18.5,27.820220947265625,6.7836503982543945,70.09148406982422,1019.66064453125,Real Observation
RUMBIA,2018,29.1,20.371978759765625,6.954953670501709,38.216651916503906,1031.7581787109375,Real Observation
SOULIK,2018,15.3,27.849517822265625,8.64736557006836,74.96554565429688,1017.7380981445312,Real Observation
CIMARON,2018,13.8,27.582916259765625,11.503023147583008,68.2970199584961,1016.328125,Real Observation
JEBI,2018,15.4,27.141510009765625,10.894481658935547,65.38423919677734,1017.963134765625,Real Observation
MANGKHUT,2018,13.1,27.453033447265625,11.884899139404297,67.5177001953125,1016.4306030273438,Real Observation
BARIJAT,2018,21.4,25.946197509765625,13.563212394714355,62.829612731933594,1025.3656005859375,Real Observation
TRAMI,2018,15.0,27.741119384765625,9.348388671875,75.46764373779297,1017.515625,Real Observation
KONG-REY,2018,9.7,27.813385009765625,9.93437671661377,72.8124008178711,1015.0081176757812,Real Observation
YUTU,2018,9.2,28.332916259765625,12.13707160949707,73.16242980957031,1013.6906127929688,Real Observation
USAGI,2018,10.9,28.557525634765625,9.18249225616455,78.17478942871094,1014.5956420898438,Real Observation
MAN-YI,2018,5.9,28.570220947265625,10.633706092834473,77.73460388183594,1012.6031494140625,Real Observation
PABUK,2018,6.6,27.319244384765625,9.69543743133545,83.92383575439453,1013.2380981445312,Real Observation
WUTIP,2019,4.6,28.769439697265625,6.007081508636475,78.9066162109375,1012.7206420898438,Real Observation
UNNAMED,2019,7.4,28.686431884765625,11.310701370239258,79.03759765625,1012.5106201171875,Real Observation
UNNAMED,2019,14.8,28.175689697265625,9.824604034423828,72.34770965576172,1017.1656494140625,Real Observation
MUN,2019,19.1,,2.7156527042388916,,1024.3731689453125,Real Observation
DANAS,2019,20.5,25.748931884765625,12.371302604675293,69.46246337890625,1023.9756469726562,Real Observation
NARI,2019,27.5,23.134674072265625,7.6750946044921875,47.45609664916992,1024.465576171875,Real Observation
WIPHA,2019,19.1,24.230377197265625,12.734335899353027,78.599853515625,1023.2706298828125,Real Observation
FRANCISCO,2019,20.2,27.089752197265625,7.8927106857299805,69.71781158447266,1020.7081298828125,Real Observation
LEKIMA,2019,17.2,28.176666259765625,9.459830284118652,74.59159851074219,1018.943115234375,Real Observation
KROSA,2019,17.8,27.835845947265625,7.2884979248046875,71.94452667236328,1019.1281127929688,Real Observation
BAILU,2019,15.7,28.441314697265625,10.901823997497559,76.87327575683594,1017.91064453125,Real Observation
PODUL,2019,16.7,25.641510009765625,11.659815788269043,87.12483215332031,1018.3556518554688,Real Observation
FAXAI,2019,16.8,26.817291259765625,11.45777416229248,61.103485107421875,1019.3031005859375,Real Observation
KAJIKI,2019,17.4,24.880767822265625,11.98358154296875,80.47828674316406,1021.80810546875,Real Observation
LINGLING,2019,16.7,27.317291259765625,11.441511154174805,80.26676940917969,1019.2306518554688,Real Observation
PEIPAH,2019,17.7,27.524322509765625,8.55081844329834,63.404762268066406,1018.8831176757812,Real Observation
TAPAH,2019,22.7,25.402252197265625,11.668191909790039,59.579795837402344,1025.483154296875,Real Observation
MITAG,2019,14.2,28.200103759765625,9.233848571777344,75.36407470703125,1016.9406127929688,Real Observation
HAGIBIS,2019,15.1,27.124908447265625,11.068037033081055,65.03782653808594,1017.7256469726562,Real Observation
NEOGURI,2019,19.1,26.996002197265625,8.60854721069336,69.63289642333984,1020.2731323242188,Real Observation
BUALOI,2019,10.4,28.227447509765625,11.694056510925293,69.4344253540039,1014.3630981445312,Real Observation
BULBUL:MATMO,2019,13.1,26.976470947265625,11.342244148254395,79.52848052978516,1017.140625,Real Observation
HALONG,2019,13.2,27.473541259765625,11.698906898498535,66.6714859008789,1016.545654296875,Real Observation
NAKRI,2019,13.4,27.353424072265625,7.814206123352051,80.654541015625,1016.1681518554688,Real Observation
FENGSHEN,2019,16.1,27.134674072265625,11.861117362976074,65.98958587646484,1018.6531372070312,Real Observation
KALMAEGI,2019,15.9,27.938385009765625,10.791505813598633,79.29359436035156,1018.4581298828125,Real Observation
FUNG-WONG,2019,17.7,27.705963134765625,10.617883682250977,77.0364990234375,1019.72314453125,Real Observation
KAMMURI,2019,11.0,27.928619384765625,9.59760570526123,67.68276977539062,1015.463134765625,Real Observation
PHANFONE,2019,7.6,28.582916259765625,9.718868255615234,78.53553771972656,1012.97314453125,Real Observation
VONGFONG,2020,11.3,29.054595947265625,7.312128067016602,77.85169982910156,1008.9168701171875,Real Observation
NURI,2020,19.4,30.405426025390625,3.862755298614502,76.7717514038086,999.7568969726562,Real Observation
SINLAKU,2020,18.6,29.713043212890625,7.348419189453125,76.33990478515625,995.4337768554688,Real Observation
HAGUPIT,2020,22.0,30.282379150390625,3.557769536972046,73.86365509033203,1004.3156127929688,Real Observation
JANGMI,2020,25.3,29.569732666015625,7.206676006317139,77.97727966308594,999.766845703125,Real Observation
MEKKHALA,2020,19.1,29.611724853515625,4.778124809265137,75.83049774169922,1003.8005981445312,Real Observation
UNNAMED,2020,26.0,29.368560791015625,8.001640319824219,73.44482421875,1014.3368530273438,Real Observation
HIGOS,2020,20.3,29.764801025390625,6.3922553062438965,71.75975799560547,1004.4756469726562,Real Observation
BAVI,2020,23.4,30.125640869140625,1.1801397800445557,72.3211669921875,1003.5418701171875,Real Observation
MAYSAK,2020,16.8,30.558746337890625,4.344443321228027,71.78527069091797,997.5437622070312,Real Observation
HAISHEN,2020,21.5,30.249664306640625,7.676478385925293,72.88574981689453,1005.0125122070312,Real Observation
NOUL,2020,12.6,30.463287353515625,6.02716064453125,73.64044189453125,1005.3768920898438,Real Observation
DOLPHIN,2020,24.4,29.495025634765625,6.016433238983154,77.36966705322266,1003.494384765625,Real Observation
KUJIRA,2020,23.3,30.079498291015625,3.0714850425720215,73.88310241699219,1002.50439453125,Real Observation
CHAN-HOM,2020,22.6,29.726470947265625,5.718731880187988,78.72648620605469,995.5243530273438,Real Observation
LINFA,2020,14.5,29.461090087890625,3.2885005474090576,76.49078369140625,1003.8662719726562,Real Observation
NANGKA,2020,17.8,29.382720947265625,3.519415855407715,79.22145080566406,997.0599975585938,Real Observation
SAUDEL,2020,15.5,29.656158447265625,5.127187252044678,77.3186264038086,1002.900634765625,Real Observation
MOLAVE,2020,13.3,29.942291259765625,7.795162200927734,72.2105484008789,1004.6812744140625,Real Observation
GONI,2020,16.6,29.679107666015625,9.41103744506836,77.05094909667969,1008.3574829101562,Real Observation
ATSANI,2020,19.6,28.433990478515625,5.720787048339844,81.6023178100586,1005.2237548828125,Real Observation
ETAU,2020,12.9,27.773101806640625,11.968510627746582,81.9130630493164,1003.463134765625,Real Observation
VAMCO,2020,13.3,29.756500244140625,4.151530742645264,73.79615020751953,1002.1849975585938,Real Observation
DUJUAN,2021,7.0,29.119537353515625,2.9345130920410156,75.55989837646484,1003.244384765625,Real Observation
SURIGAE,2021,8.2,29.178619384765625,5.957876682281494,75.32465362548828,1003.092529296875,Real Observation
UNNAMED,2021,7.2,29.244781494140625,6.095706462860107,75.4719009399414,1007.6375122070312,Real Observation
CHOI-WAN,2021,6.3,29.632476806640625,7.813960552215576,75.51875305175781,1004.8087768554688,Real Observation
KOGUMA,2021,19.7,,6.110406875610352,,1002.264404296875,Real Observation
CHAMPI,2021,13.4,29.797271728515625,6.64447021484375,72.44487762451172,1011.78564453125,Real Observation
IN-FA,2021,22.6,29.219635009765625,5.164149761199951,78.21768188476562,998.0656127929688,Real Observation
CEMPAKA,2021,20.8,29.869049072265625,5.85852575302124,77.24752807617188,1000.0281372070312,Real Observation
NEPARTAK,2021,27.4,28.096832275390625,8.398722648620605,83.2010498046875,998.0943603515625,Real Observation
UNNAMED,2021,25.3,28.197418212890625,8.949532508850098,79.20455932617188,1005.7206420898438,Real Observation
LUPIT,2021,21.2,29.338775634765625,3.7229533195495605,77.3450698852539,994.9081420898438,Real Observation
MIRINAE,2021,26.9,28.197662353515625,0.44396236538887024,84.74633026123047,994.5499877929688,Real Observation
NIDA,2021,28.8,27.613677978515625,6.894941329956055,85.74688720703125,1003.072509765625,Real Observation
OMAIS,2021,12.2,29.248199462890625,5.301657199859619,74.7699966430664,1012.6337280273438,Real Observation
UNNAMED,2021,27.8,28.807525634765625,1.8022189140319824,75.39481353759766,1007.130615234375,Real Observation
CONSON,2021,10.0,31.006988525390625,6.170387268066406,68.25589752197266,1007.5756225585938,Real Observation
CHANTHU,2021,14.7,29.672027587890625,6.754515647888184,73.73765563964844,1007.052490234375,Real Observation
DIANMU,2021,15.3,28.725006103515625,13.859634399414062,80.57159423828125,1004.4406127929688,Real Observation
MINDULLE,2021,13.7,30.114654541015625,5.169265270233154,70.23063659667969,1005.7306518554688,Real Observation
LIONROCK,2021,18.5,29.281890869140625,2.7168831825256348,79.41102600097656,993.985595703125,Real Observation
KOMPASU,2021,17.6,29.495758056640625,4.533090591430664,78.21688842773438,990.7787475585938,Real Observation
NAMTHEUN,2021,16.9,29.583648681640625,13.516864776611328,77.36946868896484,1005.7949829101562,Real Observation
MALOU,2021,13.8,29.183258056640625,5.325284481048584,72.7525863647461,1008.8118896484375,Real Observation
UNNAMED,2021,12.1,28.609039306640625,12.417734146118164,79.77783966064453,1005.201904296875,Real Observation
NYATOH,2021,12.5,29.512603759765625,5.6252641677856445,75.67022705078125,1002.0712280273438,Real Observation
RAI,2021,6.2,30.653228759765625,10.821511268615723,73.73358917236328,1002.864990234375,Real Observation
UNNAMED,2022,12.5,28.691314697265625,9.068182945251465,76.67118072509766,1006.0187377929688,Real Observation
MALAKAS,2022,4.1,29.570953369140625,2.996523857116699,72.03034210205078,1004.0125122070312,Real Observation
MEGI,2022,10.8,28.594146728515625,2.647282361984253,79.73628997802734,999.489990234375,Real Observation
CHABA,2022,16.1,29.932037353515625,9.793950080871582,78.06417083740234,994.1124877929688,Real Observation
AERE,2022,19.9,30.107818603515625,6.1219353675842285,71.59632110595703,1002.9181518554688,Real Observation
TRASES,2022,28.6,30.096099853515625,3.1813111305236816,78.4940185546875,1000.2474975585938,Real Observation
MEARI,2022,28.8,29.630279541015625,4.9737324714660645,80.00560760498047,1006.15625,Real Observation
MA-ON,2022,16.4,29.634185791015625,2.3077938556671143,77.56819915771484,997.8487548828125,Real Observation
TOKAGE,2022,24.0,30.012115478515625,5.500053882598877,72.95067596435547,1004.291259765625,Real Observation
HINNAMNOR,2022,25.0,29.756011962890625,6.263621807098389,71.34524536132812,1009.6118774414062,Real Observation
MUIFA,2022,17.3,30.101959228515625,4.57525110244751,74.63737487792969,1007.842529296875,Real Observation
MERBOK,2022,21.2,29.155670166015625,9.65378189086914,75.55796813964844,1003.8005981445312,Real Observation
NANMADOL,2022,22.2,29.702545166015625,1.029133915901184,74.96578979492188,998.8474731445312,Real Observation
TALAS,2022,30.8,27.926177978515625,6.863743305206299,83.910888671875,1005.9949951171875,Real Observation
NORU,2022,17.9,29.413726806640625,3.8256731033325195,74.9688720703125,1004.77001953125,Real Observation
KULAP,2022,23.6,28.450836181640625,9.516401290893555,81.42778015136719,1001.938720703125,Real Observation
ROKE,2022,23.0,29.126129150390625,7.25296688079834,78.34527587890625,1005.2781372070312,Real Observation
HAITANG,2022,16.8,29.182281494140625,12.173073768615723,76.49769592285156,1004.0393676757812,Real Observation
SONCA,2022,15.2,27.576568603515625,8.621468544006348,78.34278869628906,1002.9131469726562,Real Observation
NESAT,2022,18.8,28.982574462890625,7.512628555297852,80.26348114013672,994.5625,Real Observation
HAITANG,2022,26.7,28.315582275390625,1.221450924873352,77.14531707763672,1002.3912353515625,Real Observation
NALGAE,2022,11.5,29.954010009765625,1.1271319389343262,75.89793395996094,997.5362548828125,Real Observation
BANYAN,2022,7.7,29.813140869140625,3.2568352222442627,75.25161743164062,1003.6456298828125,Real Observation
YAMANEKO,2022,21.6,28.465972900390625,6.621328830718994,74.81986236572266,1012.21435546875,Real Observation
PAKHAR,2022,17.5,28.614410400390625,4.8119120597839355,76.29415893554688,1000.916259765625,Real Observation
SANVU,2023,8.0,29.036285400390625,3.9835047721862793,75.82870483398438,1007.157470703125,Real Observation
MAWAR,2023,6.0,29.860260009765625,5.334930419921875,75.25704193115234,1005.4268798828125,Real Observation
GUCHOL,2023,14.2,29.186431884765625,5.7855544090271,76.01326751708984,1003.8787231445312,Real Observation
TALIM,2023,18.4,29.839508056640625,4.997509479522705,78.81771087646484,993.34375,Real Observation
DOKSURI,2023,14.4,29.940582275390625,3.237473726272583,75.39153289794922,1001.7437744140625,Real Observation
KHANUN,2023,13.5,29.072662353515625,4.971392631530762,79.25182342529297,997.7887573242188,Real Observation
DORA,2023,15.7,29.406646728515625,6.023149490356445,75.04653930664062,1011.6181030273438,Real Observation
LAN,2023,24.1,29.755035400390625,1.8894233703613281,78.738525390625,994.614990234375,Real Observation
SAOLA,2023,20.1,29.859771728515625,2.9543657302856445,72.66265869140625,1006.33251953125,Real Observation
DAMREY,2023,18.8,29.002838134765625,14.230229377746582,79.59529113769531,1000.5687255859375,Real Observation
HAIKUI,2023,18.6,30.089508056640625,1.9638277292251587,75.12045288085938,1001.141845703125,Real Observation
KIROGI,2023,12.9,29.694244384765625,12.737706184387207,75.94181060791016,1003.4281005859375,Real Observation
YUN-YEUNG,2023,25.7,28.967926025390625,3.8729610443115234,80.57549285888672,1001.951904296875,Real Observation
KOINU,2023,16.0,29.897857666015625,5.804131031036377,78.57343292236328,994.9081420898438,Real Observation
BOLAVEN,2023,9.7,30.429351806640625,5.235504627227783,73.71060943603516,1003.099365234375,Real Observation
SANBA,2023,17.0,28.685943603515625,11.924840927124023,80.28921508789062,1005.6537475585938,Real Observation
EWINIAR,2024,12.7,30.548004150390625,7.148906707763672,76.503662109375,1004.6425170898438,Real Observation
PRAPIROON,2024,15.8,30.053131103515625,6.929600715637207,78.03218078613281,1003.2793579101562,Real Observation
GAEMI,2024,15.9,30.626373291015625,9.149761199951172,74.35238647460938,1001.5418701171875,Real Observation
MARIA,2024,25.5,29.701080322265625,1.9435189962387085,78.43844604492188,997.8318481445312,Real Observation
SON-TINH,2024,27.9,28.456207275390625,4.137026309967041,82.85948181152344,995.1018676757812,Real Observation
AMPIL,2024,22.9,30.536773681640625,2.290602922439575,73.84229278564453,999.6031494140625,Real Observation
JONGDARI,2024,25.1,30.093902587890625,5.32148551940918,80.50251007080078,1002.260009765625,Real Observation
SHANSHAN,2024,16.7,29.782623291015625,0.41435694694519043,73.38928985595703,1007.9931030273438,Real Observation
YAGI,2024,13.8,30.083892822265625,3.7751049995422363,77.8012924194336,1001.4381103515625,Real Observation
LEEPI,2024,31.1,28.552154541015625,8.68862247467041,79.82937622070312,1005.8674926757812,Real Observation
BEBINCA,2024,12.6,30.068756103515625,12.397793769836426,76.2248764038086,1002.2781372070312,Real Observation
PULASAN,2024,16.6,29.724029541015625,2.704035520553589,74.82093811035156,1000.4375,Real Observation
SOULIK,2024,16.9,29.883697509765625,8.71257495880127,78.29690551757812,997.9281005859375,Real Observation
CIMARON,2024,28.3,29.264556884765625,6.090183734893799,79.18658447265625,1005.443115234375,Real Observation
JEBI,2024,16.8,29.775054931640625,5.876276969909668,73.72504425048828,1007.6749877929688,Real Observation
KRATHON,2024,18.8,29.930328369140625,7.047046184539795,76.501220703125,1001.177490234375,Real Observation
BARIJAT,2024,19.7,28.835357666015625,7.453035831451416,78.39566802978516,1008.2312622070312,Real Observation
TRAMI,2024,13.6,30.040435791015625,12.495622634887695,75.20636749267578,993.8231201171875,Real Observation
KONG-REY,2024,15.3,29.577056884765625,5.822484016418457,77.62950897216797,999.295654296875,Real Observation
YINXING,2024,10.8,29.595123291015625,9.55602741241455,75.72526550292969,1006.5625,Real Observation
TORAJI,2024,14.5,28.906158447265625,8.998064041137695,77.08052062988281,1004.6369018554688,Real Observation
MAN-YI,2024,13.7,29.372955322265625,7.2951531410217285,72.47598266601562,1011.9537353515625,Real Observation
USAGI,2024,12.5,29.677154541015625,6.618359565734863,75.94573211669922,1005.9600219726562,Real Observation
WUTIP,2025,16.5,29.529449462890625,4.816305160522461,80.10894012451172,994.3412475585938,Real Observation
SEPAT,2025,24.6,28.223785400390625,6.398835182189941,79.03583526611328,1008.4456176757812,Real Observation
MUN,2025,26.1,28.162261962890625,0.6113080978393555,77.84608459472656,1003.7000122070312,Real Observation
DANAS,2025,20.0,29.857818603515625,8.23874568939209,76.7790756225586,1001.4618530273438,Real Observation
NARI,2025,25.2,29.154205322265625,7.073039531707764,80.1258773803711,1004.2268676757812,Real Observation
UNNAMED,2025,32.7,27.642974853515625,15.477653503417969,87.28882598876953,1009.4312744140625,Real Observation
WIPHA,2025,19.4,30.463531494140625,9.58448600769043,76.75956726074219,989.2518920898438,Real Observation
FRANCISCO,2025,20.7,29.471099853515625,1.8421554565429688,76.42890930175781,998.1724853515625,Real Observation
CO-MAY,2025,18.0,29.491607666015625,6.512798309326172,77.25231170654297,995.876220703125,Real Observation
KROSA,2025,16.3,29.686920166015625,6.745153903961182,76.54132080078125,1002.8187255859375,Real Observation
BAILU,2025,31.2,28.131256103515625,15.422240257263184,87.31876373291016,1000.4650268554688,Real Observation
PODUL,2025,18.9,28.977203369140625,2.6959006786346436,74.08511352539062,1010.4025268554688,Real Observation
LINGLING,2025,31.2,29.271881103515625,9.71536922454834,77.90751647949219,1009.5574951171875,Real Observation
KAJIKI,2025,17.3,29.949615478515625,11.163329124450684,75.67823791503906,999.373779296875,Real Observation
NONGFA,2025,17.5,28.574615478515625,13.118467330932617,82.0145034790039,1001.4181518554688,Real Observation
PEIPAH,2025,29.7,29.974273681640625,2.289790630340576,74.68036651611328,1003.53125,Real Observation
TAPAH,2025,18.4,29.163726806640625,1.574967861175537,79.52039337158203,1003.2750244140625,Real Observation
MITAG,2025,15.8,30.035797119140625,4.024299144744873,68.92178344726562,1007.610595703125,Real Observation
RAGASA,2025,16.1,29.297760009765625,2.5530002117156982,77.6941146850586,1004.427490234375,Real Observation
NEOGURI,2025,23.4,29.930572509765625,6.994946479797363,72.0545883178711,1011.8699951171875,Real Observation
BUALOI,2025,9.6,29.916900634765625,8.640205383300781,72.60797882080078,998.8712768554688,Real Observation
MATMO,2025,14.7,29.628082275390625,9.624795913696289,75.30169677734375,1005.0443725585938,Real Observation
HALONG,2025,24.8,28.930328369140625,2.9327027797698975,75.38263702392578,1003.4199829101562,Real Observation
NAKRI,2025,20.6,29.757720947265625,4.433548450469971,73.90516662597656,1005.8043823242188,Real Observation
FENGSHEN,2025,13.6,28.981353759765625,3.9546890258789062,74.59146118164062,1003.890625,Real Observation
KALMAEGI,2025,10.5,29.750640869140625,12.495524406433105,73.42237854003906,1004.8250122070312,Real Observation
FUNG-WONG,2025,9.7,29.550445556640625,8.197955131530762,77.24324035644531,1000.1481323242188,Real Observation
KOTO,2025,10.8,28.727203369140625,12.439501762390137,81.18647003173828,996.755615234375,Real Observation
SENYAR,2025,4.8,28.583648681640625,5.498411178588867,76.99872589111328,1008.2949829101562,Real Observation
NOKAEN,2026,11.2,28.878570556640625,8.791561126708984,78.76018524169922,1001.561279296875,Real Observation
PENHA,2026,8.1,28.989898681640625,6.861833095550537,77.80133056640625,1004.994384765625,Real Observation
SINLAKU,2026,8.4,29.388580322265625,11.511147499084473,76.8388900756836,993.2931518554688,Real Observation
HAGUPIT,2026,7.3,29.506256103515625,6.124177932739258,75.334716796875,1007.3743896484375,Real Observation
JANGMI,2026,13.8,29.447174072265625,7.648512363433838,77.64968872070312,1010.572509765625,Real Observation
